{
  "dataset_name": "dataset",
  "sizeDataSet": 100,
  "numberOfFeatures": 300,
  "percentageCTC": 30,
  "probMand": 0,
  "probOpt": 0,
  "probAlt": 0,
  "probOr": 0,
  "maxBranchingFactor": 10,
  "maxSetChildren": 5,
  "minAttrValue": 0,
  "maxAttrValue": 100,
  "contextMaxSize": 10,
  "contextMaxValue": 10,
  "maxPercentageVFs": 20,
  "advanced": {
    "simpleMode": false,
    "maxTriesValidModel": 0,
    "maxTriesPathRequirement": 100,
    "requiredNumberOfPathsFromRoot": 20,
    "pathSearchDepth": 5,
    "hyvarrecInputScript": false,
    "hyvarrecPort": 4000
  }
}
